Building,Floor,Room
A1,Ground,A1-GC01 & Hall
A1,Ground,A1-GC02 & HK Janitor Room
A1,Ground,A1-GC03 & Corridor
A1,Ground,A1-GC04 & Corridor
A1,Ground,A1-GE01 & ELV-Closet
A1,Ground,A1-GE02 & Sub Telephone Room
A1,Ground,A1-GE03 & Sub-Electrical Room
A1,Ground,A1-GE04 & Sub-Electrical Room
A1,Ground,A1-GGR03 & Garbage Room (Transfer)
A1,Ground,A1-GSTR01 & Stair
A1,Ground,A1-GSTR02 & Stair
A1,Ground,A1-GSTR03 & Stair
A1,Ground,A1-GFR01 & Fire Corridor
A1,Ground,A1-GP01 & Buggy Parking Area
A1,Ground,A1-GSC01 & Security Room
A1,Ground,A1-GSC02 & Security Room
A1,Ground,A1-GST11 & Storage
A1,Ground,A1-GST13 & Storage
A1,Ground,A1-GC04 & Corridor
A1,Ground,A1-G01-a & Entrance
A1,Ground,A1-G01-c & Hall
A1,Ground,A1-G01-d & Maid Room
A1,Ground,A1-G01-e & Storage
A1,Ground,A1-G01-g & Living Room
A1,Ground,A1-G01-j & Storage
A1,Ground,A1-G01-k & Staircase
A1,Ground,A1-GG01 & Garage
A1,Ground,A1-GST10 & Storage
A1,Ground,A1-G02-a & Entrance
A1,Ground,A1-G02-b & Maid Room
A1,Ground,A1-G02-f & Living Room
A1,Ground,A1-G02-I & Staircase
A1,Ground,A1-GG02 & Garage
A1,Ground,A1-GST06 & Storage
A1,Ground,A1-GST07 & Storage
A1,Ground,A1-GST08 & Storage
A1,Ground,A1-GST09 & Storage
A1,Ground,A1-G03-a & Entrance
A1,Ground,A1-G03-b & Maid Room
A1,Ground,A1-G03-e & Living Room
A1,Ground,A1-G03-I & Staircase
A1,Ground,A1-GG03 & Garage
A1,Ground,A1-GST05 & Storage
A1,Ground,A1-G04-a & Entrance
A1,Ground,A1-G04-b & Maid Room
A1,Ground,A1-G04-e & Living Room
A1,Ground,A1-G04-I & Staircase
A1,Ground,A1-GG04 & Garage
A1,Ground,A1-GST04 & Storage
A1,Ground,A1-G05-a & Entrance
A1,Ground,A1-G05-b & Maid Room
A1,Ground,A1-G05-e & Living Room
A1,Ground,A1-G05-I & Staircase
A1,Ground,A1-GG05 & Garage
A1,Ground,A1-GST03 & Storage
A1,Ground,A1-G06-a & Entrance
A1,Ground,A1-G06-b & Maid Room
A1,Ground,A1-G06-e & Living Room
A1,Ground,A1-G06-i & Staircase
A1,Ground,A1-GG06 & Garage
A1,Ground,A1-GST02 & Storage
A1,Ground,A1-G07-a & Entrance
A1,Ground,A1-G07-b & Maid Room
A1,Ground,A1-G07-e & Living Room
A1,Ground,A1-G07-I & Staircase
A1,Ground,A1-GG07 & Garage
A1,Ground,A1-GST01 & Storage
A1,Ground,A1-GF03 & B.O.H.
A1,Ground,A1-GSTR11 & Stair
A2,Ground,A2-GC01 & Hall
A2,Ground,A2-GC02 & HK Janitor Room
A2,Ground,A2-GE01 & ELV-Closet
A2,Ground,A2-GE02 & Sub Telephone Room
A2,Ground,A2-GE03 & Sub-Electrical Room
A2,Ground,A2-GE05 & LV Room
A2,Ground,A2-GSTR01 & Stair
A2,Ground,A2-GSTR02 & Stair
A2,Ground,A2-GFR01 & Fire Corridor
A2,Ground,A2-GST15 & Storage
A2,Ground,A2-GST16 & Storage
A3,Ground,A3-GC01 & Corridor
A3,Ground,A3-GC02 & HK Janitor Room
A3,Ground,A3-GE01 & ELV-Closet
A3,Ground,A3-GE02 & Sub Telephone Room
A3,Ground,A3-GE03 & Sub-Electrical Room
A3,Ground,A3-GE04 & Sub-Electrical Room
A3,Ground,A3-GM02 & Reserved Room
A3,Ground,A3-GSTR01 & Stair
A3,Ground,A3-GSTR02 & Stair
A3,Ground,A3-GSTR03 & Stair
A3,Ground,A3-GFR01 & Fire Corridor
A3,Ground,A3-GFR03 & Fire Corridor
A3,Ground,A3-GST18 & Storage
A3,Ground,A3-GST19 & Storage
A3,Ground,A3-GST20 & Storage
A3,Ground,A3-GA02 & Entrance Facility Room
A4,Ground,A4-GC01 & Hall
A4,Ground,A4-GC02 & HK Janitor Room
A4,Ground,A4-GE01 & ELV-Closet
A4,Ground,A4-GE02 & Sub Telephone Room
A4,Ground,A4-GE03 & Sub-Electrical Room
A4,Ground,A4-GE05 & LV Room
A4,Ground,A4-GSTR01 & Stair
A4,Ground,A4-GSTR02 & Stair
A4,Ground,A4-GSTR03 & Stair
A4,Ground,A4-GSTR04 & Stair
A4,Ground,A4-GFR01 & Fire Corridor
A4,Ground,A4-GFR02 & Fire Corridor
A4,Ground,A4-GFR03 & Fire Corridor
A4,Ground,A4-GST21 & Storage
A4,Ground,A4-GSC01 & Security Room
A4,Ground,A4-G08-a & Entrance
A4,Ground,A4-G08-b & Maid Room
A4,Ground,A4-G08-c & Hall
A4,Ground,A4-G08-d & Storage
A4,Ground,A4-G08-f & Living Room
A4,Ground,A4-G08-j & Staircase
A4,Ground,A4-GG08 & Garage
A4,Ground,A4-GST22 & Storage
A4,Ground,A4-G09-a & Entrance
A4,Ground,A4-G09-b & Maid Room
A4,Ground,A4-G09-c & Hall
A4,Ground,A4-G09-d & Storage
A4,Ground,A4-G09-f & Living Room
A4,Ground,A4-G09-j & Staircase
A4,Ground,A4-GG09 & Garage
A4,Ground,A4-GST23 & Storage
A4,Ground,A4-G10-a & Entrance
A4,Ground,A4-G10-b & Maid Room
A4,Ground,A4-G10-c & Hall
A4,Ground,A4-G10-d & Storage
A4,Ground,A4-G10-f & Living Room
A4,Ground,A4-G10-j & Staircase
A4,Ground,A4-GG10 & Garage
A4,Ground,A4-GST24 & Storage
A4,Ground,A4-G11-a & Entrance
A4,Ground,A4-G11-b & Maid Room
A4,Ground,A4-G11-c & Hall
A4,Ground,A4-G11-d & Storage
A4,Ground,A4-G11-f & Living Room
A4,Ground,A4-G11-j & Staircase
A4,Ground,A4-GG11 & Garage
A4,Ground,A4-GST25 & Storage
A4,Ground,A4-G12-a & Entrance
A4,Ground,A4-G12-b & Maid Room
A4,Ground,A4-G12-c & Hall
A4,Ground,A4-G12-d & Storage
A4,Ground,A4-G12-f & Living Room
A4,Ground,A4-G12-j & Staircase
A4,Ground,A4-GG12 & Garage
A4,Ground,A4-GST26 & Storage
A4,Ground,A4-G13-a & Entrance
A4,Ground,A4-G13-b & Maid Room
A4,Ground,A4-G13-c & Hall
A4,Ground,A4-G13-d & Storage
A4,Ground,A4-G13-f & Living Room
A4,Ground,A4-G13-j & Staircase
A4,Ground,A4-GG13 & Garage
A4,Ground,A4-GST27 & Storage
A4,Ground,A4-G14-a & Entrance
A4,Ground,A4-G14-b & Maid Room
A4,Ground,A4-G14-c & Hall
A4,Ground,A4-G14-d & Storage
A4,Ground,A4-G14-f & Living Room
A4,Ground,A4-G14-j & Staircase
A4,Ground,A4-GG14 & Garage
A4,Ground,A4-GST28 & Storage
A4,Ground,A4-G15-a & Entrance
A4,Ground,A4-G15-b & Maid Room
A4,Ground,A4-G15-c (seren) & Hall
A4,Ground,A4-G15-d (seren) & Storage
A4,Ground,A4-G15-f (seren) & Living Room
A4,Ground,A4-G15-j (seren) & Staircase
A4,Ground,A4-GG15 & Garage
A4,Ground,A4-GST29 & Storage
A4,Ground,A4-G16-a (seren) & Entrance
A4,Ground,A4-G16-b (seren) & Maid Room
A4,Ground,A4-G16-c (seren) & Hall
A4,Ground,A4-G16-d (seren) & Storage
A4,Ground,A4-G16-f (seren) & Living Room
A4,Ground,A4-G16-j (seren) & Staircase
A4,Ground,A4-GG16 & Garage
A4,Ground,A4-GST30 & Storage
A4,Ground,A4-G17-a & Entrance
A4,Ground,A4-G17-b & Maid Room
A4,Ground,A4-G17-c & Hall
A4,Ground,A4-G17-d & Storage
A4,Ground,A4-G17-f & Living Room
A4,Ground,A4-G17-j & Staircase
A4,Ground,A4-GG17 & Garage
A4,Ground,A4-GST31 & Storage
A4,Ground,A4-G18-a & Entrance
A4,Ground,A4-G18-b & Maid Room
A4,Ground,A4-G18-c & Hall
A4,Ground,A4-G18-d & Storage
A4,Ground,A4-G18-f & Living Room
A4,Ground,A4-G18-j & Staircase
A4,Ground,A4-GG18 & Garage
A4,Ground,A4-GST32 & Storage
CAR PARK,Ground,CP-GP01 & Car Park
CAR PARK,Ground,CP-GE01 & ELV Room
CAR PARK,Ground,CP-GE02 & Sub-Electrical Room
CAR PARK,Ground,CP-GE03 & MTR
CAR PARK,Ground,CP-GE04 & UPS & Battery
CAR PARK,Ground,CP-GM01 & LPG Room
CAR PARK,Ground,CP-GSC01 & Security Room
CAR PARK,Ground,CP-GSC02 & Security Control Center
CAR PARK,Ground,CP-GSC03 & Security EQ Room
CAR PARK,Ground,CP-GSTR04 & Stair
CAR PARK,Ground,CP-GST17 & Storage
A1,Podium 1,A1-PC01 & Hall
A1,Podium 1,A1-PC02 & HK Janitor Room
A1,Podium 1,A1-PC04 & Corridor
A1,Podium 1,A1-PC05 & Corridor
A1,Podium 1,A1-PC06 & Corridor
A1,Podium 1,A1-PC07 & Hall
A1,Podium 1,A1-PE01 & ELV-Closet
A1,Podium 1,A1-PE02 & Sub Telephone Room
A1,Podium 1,A1-PE03 & Sub-Electrical Room
A1,Podium 1,A1-PST39 & Storage
A1,Podium 1,A1-PST40 & Storage
A1,Podium 1,A1-PST41 & Storage
A1,Podium 1,A1-PC08 & Corridor
A1,Podium 1,A1-PSTR01 & Stair
A1,Podium 1,A1-PSTR01-a & Staircase landing
A1,Podium 1,A1-PSTR02 & Stair
A1,Podium 1,A1-PSTR02-a & Staircase landing
A1,Podium 1,A1-PSTR03 & Stair
A1,Podium 1,A1-PSTR03-a & Staircase landing
A1,Podium 1,A1-PST35 & Storage
A1,Podium 1,A1-PST36 & Storage
A1,Podium 1,A1-PST37 & Storage
A1,Podium 1,A1-PST38 & Storage
A1,Podium 1,A1-PC09 & Corridor
A1,Podium 1,A1-PC10 & Corridor
A1,Podium 1,A1-PC11 & Corridor
A1,Podium 1,A1-PST30 & Storage
A1,Podium 1,A1-PST31 & Storage
A1,Podium 1,A1-PST32 & Storage
A1,Podium 1,A1-PST33 & Storage
A1,Podium 1,A1-PST34 & Storage
A1,Podium 1,A1-PC12 & Corridor
A1,Podium 1,A1-PC13 & Corridor
A1,Podium 1,A1-PC14 & Corridor
A1,Podium 1,A1-PC15 & Corridor
A1,Podium 1,A1-G01-k1 & Staircase
A1,Podium 1,A1-G01-l & Family Room
A1,Podium 1,A1-G01-m & Bedroom 1
A1,Podium 1,A1-G01-o & Bedroom 2
A1,Podium 1,A1-G01-p & Master Bedroom
A1,Podium 1,A1-G02-i1 & Staircase
A1,Podium 1,A1-G02-j & Hall
A1,Podium 1,A1-G02-k & Master Bedroom
A1,Podium 1,A1-G02-k1 & W.I.C.
A1,Podium 1,A1-G02-m & Bedroom
A1,Podium 1,A1-G02-m2 & Storage
A1,Podium 1,A1-G03-i1 & Staircase
A1,Podium 1,A1-G03-j & Hall
A1,Podium 1,A1-G03-k & Master Bedroom
A1,Podium 1,A1-G03-k1 & W.I.C.
A1,Podium 1,A1-G03-m & Bedroom
A1,Podium 1,A1-G04-i1 & Staircase
A1,Podium 1,A1-G04-j & Hall
A1,Podium 1,A1-G04-k & Master Bedroom
A1,Podium 1,A1-G04-k1 & W.I.C.
A1,Podium 1,A1-G04-m & Bedroom
A1,Podium 1,A1-G05-i1 & Staircase
A1,Podium 1,A1-G05-j & Hall
A1,Podium 1,A1-G05-k & Master Bedroom
A1,Podium 1,A1-G05-k1 & W.I.C.
A1,Podium 1,A1-G05-m & Bedroom
A1,Podium 1,A1-G06-i1 & Staircase
A1,Podium 1,A1-G06-j & Hall
A1,Podium 1,A1-G06-k & Master Bedroom
A1,Podium 1,A1-G06-k1 & W.I.C.
A1,Podium 1,A1-G06-m & Bedroom
A1,Podium 1,A1-G07-i1 & Staircase
A1,Podium 1,A1-G07-j & Hall
A1,Podium 1,A1-G07-k & Master Bedroom
A1,Podium 1,A1-G07-k1 & W.I.C.
A1,Podium 1,A1-G07-m & Bedroom
A1,Podium 1,A1-GF12 & Corridor
A1,Podium 1,A1-GF13 & Reserved Area
A1,Podium 1,A1-GF14 & First Aid Room
A1,Podium 1,A1-PSTR11 & Stair
A1,Podium 1,A1-PSTR11-a & Staircase landing
A1,Podium 1,A1-PST01 & Storage
A1,Podium 1,A1-PST02 & Storage
A1,Podium 1,A1-PST03 & Storage
A1,Podium 1,A1-PST04 & Storage
A1,Podium 1,A1-PST05 & Storage
A1,Podium 1,A1-PST06 & Storage
A1,Podium 1,A1-PST07 & Storage
A1,Podium 1,A1-PST08 & Storage
A1,Podium 1,A1-PST09 & Storage
A1,Podium 1,A1-PST10 & Storage
A1,Podium 1,A1-PST11 & Storage
A1,Podium 1,A1-PST12 & Storage
A1,Podium 1,A1-PST13 & Storage
A1,Podium 1,A1-PST14 & Storage
A1,Podium 1,A1-PST15 & Storage
A1,Podium 1,A1-PST16 & Storage
A1,Podium 1,A1-PST17 & Storage
A1,Podium 1,A1-PST18 & Storage
A1,Podium 1,A1-PST19 & Storage
A1,Podium 1,A1-PST20 & Storage
A1,Podium 1,A1-PST21 & Storage
A1,Podium 1,A1-PST22 & Storage
A1,Podium 1,A1-PST23 & Storage
A1,Podium 1,A1-PST24 & Storage
A1,Podium 1,A1-PST25 & Storage
A1,Podium 1,A1-PST26 & Storage
A1,Podium 1,A1-PST27 & Storage
A1,Podium 1,A1-PST28 & Storage
A1,Podium 1,A1-PST29 & Storage
A2,Podium 1,A2-PC01 & Hall
A2,Podium 1,A2-PC02 & HK Janitor Room
A2,Podium 1,A2-PC04 & Hall
A2,Podium 1,A2-PC05 & Hall
A2,Podium 1,A2-PE01 & ELV-Closet
A2,Podium 1,A2-PE02 & Sub Telephone Room
A2,Podium 1,A2-PE03 & Sub-Electrical Room
A2,Podium 1,A2-PSTR01 & Stair
A2,Podium 1,A2-PSTR01-a & Staircase landing
A2,Podium 1,A2-PSTR02 & Stair
A2,Podium 1,A2-PSTR02-a & Staircase landing
A2,Podium 1,A2-PST42 & Storage
A2,Podium 1,A2-PST43 & Storage
A2,Podium 1,A2-PST44 & Storage
A2,Podium 1,A2-PST45 & Storage
A2,Podium 1,A2-PST46 & Storage
A3,Podium 1,A3-PC01 & Corridor
A3,Podium 1,A3-PC02 & HK Janitor Room
A3,Podium 1,A3-PC04 & Hall
A3,Podium 1,A3-PE01 & ELV-Closet
A3,Podium 1,A3-PE02 & Sub Telephone Room
A3,Podium 1,A3-PE03 & Sub-Electrical Room
A3,Podium 1,A3-PSTR01 & Stair
A3,Podium 1,A3-PSTR01-a & Staircase landing
A3,Podium 1,A3-PSTR02 & Stair
A3,Podium 1,A3-PSTR02-a & Staircase landing
A3,Podium 1,A3-PSTR03 & Stair
A3,Podium 1,A3-PSTR03-a & Staircase landing
A3,Podium 1,A3-PST47 & Storage
A3,Podium 1,A3-PST48 & Storage
A3,Podium 1,A3-PST49 & Storage
A3,Podium 1,A3-PST50 & Storage
A3,Podium 1,A3-PST51 & Storage
A3,Podium 1,A3-PST52 & Storage
A4,Podium 1,A4-PC01 & Hall
A4,Podium 1,A4-PC02 & HK Janitor Room
A4,Podium 1,A4-PC04 & Hall
A4,Podium 1,A4-PC05 & Corridor
A4,Podium 1,A4-PE01 & ELV-Closet
A4,Podium 1,A4-PE02 & Sub Telephone Room
A4,Podium 1,A4-PE03 & Sub-Electrical Room
A4,Podium 1,A4-PSTR01 & Stair
A4,Podium 1,A4-PSTR01-a & Staircase landing
A4,Podium 1,A4-PSTR02 & Stair
A4,Podium 1,A4-PSTR02-a & Staircase landing
A4,Podium 1,A4-PSTR03 & Stair
A4,Podium 1,A4-PSTR03-a & Staircase landing
A4,Podium 1,A4-PSTR04 & Stair
A4,Podium 1,A4-PSTR04-a & Staircase landing
A4,Podium 1,A4-G08-j1 & Staircase
A4,Podium 1,A4-G08-k & Hall
A4,Podium 1,A4-G08-l & Master Bedroom
A4,Podium 1,A4-G08-l1 & W.I.C.
A4,Podium 1,A4-G08-n & Bedroom
A4,Podium 1,A4-G09-j1 & Staircase
A4,Podium 1,A4-G09-k & Hall
A4,Podium 1,A4-G09-l & Master Bedroom
A4,Podium 1,A4-G09-l1 & W.I.C.
A4,Podium 1,A4-G09-n & Bedroom
A4,Podium 1,A4-G10-j1 & Staircase
A4,Podium 1,A4-G10-k & Hall
A4,Podium 1,A4-G10-l & Master Bedroom
A4,Podium 1,A4-G10-l1 & W.I.C.
A4,Podium 1,A4-G10-n & Bedroom
A4,Podium 1,A4-G11-j1 & Staircase
A4,Podium 1,A4-G11-k & Hall
A4,Podium 1,A4-G11-l & Master Bedroom
A4,Podium 1,A4-G11-l1 & W.I.C.
A4,Podium 1,A4-G11-n & Bedroom
A4,Podium 1,A4-G12-j1 & Staircase
A4,Podium 1,A4-G12-k & Hall
A4,Podium 1,A4-G12-l & Master Bedroom
A4,Podium 1,A4-G12-l1 & W.I.C.
A4,Podium 1,A4-G12-n & Bedroom
A4,Podium 1,A4-G13-j1 & Staircase
A4,Podium 1,A4-G13-k & Hall
A4,Podium 1,A4-G13-l & Master Bedroom
A4,Podium 1,A4-G13-l1 & W.I.C.
A4,Podium 1,A4-G13-n & Bedroom
A4,Podium 1,A4-G14-j1 & Staircase
A4,Podium 1,A4-G14-k & Hall
A4,Podium 1,A4-G14-l & Master Bedroom
A4,Podium 1,A4-G14-l1 & W.I.C.
A4,Podium 1,A4-G14-n & Bedroom
A4,Podium 1,A4-G15-j1 & Staircase
A4,Podium 1,A4-G15-k & Hall
A4,Podium 1,A4-G15-l & Master Bedroom
A4,Podium 1,A4-G15-l1 & W.I.C.
A4,Podium 1,A4-G15-n & Bedroom
A4,Podium 1,A4-G16-j1 & Staircase
A4,Podium 1,A4-G16-k & Hall
A4,Podium 1,A4-G16-l & Master Bedroom
A4,Podium 1,A4-G16-l1 & W.I.C.
A4,Podium 1,A4-G16-n & Bedroom
A4,Podium 1,A4-G17-j1 & Staircase
A4,Podium 1,A4-G17-k & Hall
A4,Podium 1,A4-G17-l & Master Bedroom
A4,Podium 1,A4-G17-l1 & W.I.C.
A4,Podium 1,A4-G17-n & Bedroom
A4,Podium 1,A4-G18-j1 & Staircase
A4,Podium 1,A4-G18-k & Hall
A4,Podium 1,A4-G18-l & Master Bedroom
A4,Podium 1,A4-G18-l1 & W.I.C.
A4,Podium 1,A4-G18-n & Bedroom
A4,Podium 1,A4-PST53 & Storage
A4,Podium 1,A4-PST54 & Storage
A4,Podium 1,A4-PST55 & Storage
A4,Podium 1,A4-PST56 & Storage
A4,Podium 1,A4-PST57 & Storage
A4,Podium 1,A4-PST58 & Storage
A4,Podium 1,A4-PST59 & Storage
A4,Podium 1,A4-PST60 & Storage
A4,Podium 1,A4-PST61 & Storage
A4,Podium 1,A4-PST64 & Storage
A4,Podium 1,A4-PST65 & Storage
A4,Podium 1,A4-PST67 & Storage
A4,Podium 1,A4-PST69 & Storage
A4,Podium 1,A4-PST70 & Storage
A4,Podium 1,A4-PST71 & Storage
A4,Podium 1,A4-PST72 & Storage
A4,Podium 1,A4-PST73 & Storage
A4,Podium 1,A4-PST74 & Storage
A4,Podium 1,A4-PST75 & Storage
A4,Podium 1,A4-PO01 & Entrance
A4,Podium 1,A4-PO02 & Office Room
A4,Podium 1,A4-PO03 & Meeting Room
A4,Podium 1,A4-PO04 & Office Room
A4,Podium 1,A4-PO05 & Office Room
A4,Podium 1,A4-PO06 & Hall
A4,Podium 1,A4-PO10 & Corridor
A4,Podium 1,A4-PO11 & Corridor
A4,Podium 1,A4-PO12 & Corridor
A4,Podium 1,A4-PO13 & Corridor
A4,Podium 1,A4-PO14 & Worker Rest Room
CAR PARK,Podium 1,CP-PE01 & ELV Room
CAR PARK,Podium 1,CP-PE02 & Sub-Electrical Room
CAR PARK,Podium 1,CP-PE03 & ELV Room
CAR PARK,Podium 1,CP-PE04 & Sub-Electrical Room
CAR PARK,Podium 1,CP-PG01 & Car Park
CAR PARK,Podium 1,CP-PST55 & Storage
CAR PARK,Podium 1,CP-PSTR04 & Stair
CAR PARK,Podium 1,CP-PSTR04-a & Staircase landing
A1,Podium 2,A1-2C02 & Hall
A1,Podium 2,A1-2C03 & HK Janitor Room
A1,Podium 2,A1-2C04 & Hall
A1,Podium 2,A1-2E01 & ELV-Closet
A1,Podium 2,A1-2E02 & Sub Telephone Room
A1,Podium 2,A1-2E03 & Sub-Electrical Room
A1,Podium 2,A1-2STR01 & Stair
A1,Podium 2,A1-2STR01-a & Staircase landing
A1,Podium 2,A1-2STR02 & Stair
A1,Podium 2,A1-2STR02-a & Staircase landing
A1,Podium 2,A1-2STR03 & Stair
A1,Podium 2,A1-2STR03-a & Staircase landing
A1,Podium 2,A1-201-a & Entrance
A1,Podium 2,A1-201-b & Hall
A1,Podium 2,A1-201-e & Master Bedroom
A1,Podium 2,A1-201-e1 & W.I.C.
A1,Podium 2,A1-201-f & Bedroom
A1,Podium 2,A1-201-i & Living Room
A1,Podium 2,A1-202-a & Entrance
A1,Podium 2,A1-202-c & Living Room
A1,Podium 2,A1-202-e & Bedroom
A1,Podium 2,A1-203-a & Entrance
A1,Podium 2,A1-203-c & Living Room
A1,Podium 2,A1-203-e & Bedroom
A1,Podium 2,A1-204-a & Entrance
A1,Podium 2,A1-204-d & Living Room
A1,Podium 2,A1-204-e & Bedroom 1
A1,Podium 2,A1-204-f & Bedroom 2
A1,Podium 2,A1-204-g & Master Bedroom
A1,Podium 2,A1-204-g1 & W.I.C.
A1,Podium 2,A1-204-h & Maid Room
A1,Podium 2,A1-205-a & Entrance
A1,Podium 2,A1-205-c & Living Room
A1,Podium 2,A1-205-e & Bedroom
A1,Podium 2,A1-205-f & Master Bedroom
A1,Podium 2,A1-205-f1 & W.I.C.
A1,Podium 2,A1-205-i & Hall
A1,Podium 2,A1-206-a & Entrance
A1,Podium 2,A1-206-b & Living Room
A1,Podium 2,A1-206-e & Bedroom
A1,Podium 2,A1-206-f & Master Bedroom
A1,Podium 2,A1-206-f1 & W.I.C.
A1,Podium 2,A1-206-i & Hall
A1,Podium 2,A1-207-a & Entrance
A1,Podium 2,A1-207-c & Living Room
A1,Podium 2,A1-207-e & Bedroom 1
A1,Podium 2,A1-207-f & Bedroom 2
A1,Podium 2,A1-207-g & Master Bedroom
A1,Podium 2,A1-207-g1 & W.I.C.
A1,Podium 2,A1-207-h & Maid Room
A1,Podium 2,A1-207-i & Hall 1
A1,Podium 2,A1-208-a & Entrance
A1,Podium 2,A1-208-c & Living Room
A1,Podium 2,A1-208-e & Bedroom 1
A1,Podium 2,A1-208-f & Bedroom 2
A1,Podium 2,A1-208-g & Master Bedroom
A1,Podium 2,A1-208-g1 & W.I.C.
A1,Podium 2,A1-208-h & Maid Room
A1,Podium 2,A1-208-i & Hall 1
A1,Podium 2,A1-209-a & Entrance
A1,Podium 2,A1-209-c & Living Room
A1,Podium 2,A1-209-e & Master Bedroom
A1,Podium 2,A1-209-i & Hall
A2,Podium 2,A2-2C02 & Hall
A2,Podium 2,A2-2C03 & HK Janitor Room
A2,Podium 2,A2-2C04 & Hall
A2,Podium 2,A2-2E01 & ELV-Closet
A2,Podium 2,A2-2E02 & Sub Telephone Room
A2,Podium 2,A2-2E03 & Sub-Electrical Room
A2,Podium 2,A2-2STR01 & Stair
A2,Podium 2,A2-2STR01-a & Staircase landing
A2,Podium 2,A2-2STR02 & Stair
A2,Podium 2,A2-2STR02-a & Staircase landing
A2,Podium 2,A2-201-a & Entrance
A2,Podium 2,A2-201-f & Living Room
A2,Podium 2,A2-201-g & Bedroom
A2,Podium 2,A2-202-a & Entrance
A2,Podium 2,A2-202-c & Living Room
A2,Podium 2,A2-202-e & Bedroom
A2,Podium 2,A2-203-a & Entrance
A2,Podium 2,A2-203-c & Living Room
A2,Podium 2,A2-203-f & Bedroom 1
A2,Podium 2,A2-203-g & Bedroom 2
A2,Podium 2,A2-203-h & Master Bedroom
A2,Podium 2,A2-203-h1 & W.I.C.
A2,Podium 2,A2-203-i & Maid Room
A2,Podium 2,A2-203-j & Hall
A2,Podium 2,A2-204-a & Entrance
A2,Podium 2,A2-204-c & Living Room
A2,Podium 2,A2-204-e & Bedroom
A2,Podium 2,A2-204-f & Master Bedroom
A2,Podium 2,A2-204-f1 & W.I.C.
A2,Podium 2,A2-204-g & Hall
A2,Podium 2,A2-205-a & Entrance
A2,Podium 2,A2-205-f & Living Room
A2,Podium 2,A2-205-g & Bedroom 1
A2,Podium 2,A2-205-h & Master Bedroom
A2,Podium 2,A2-205-i & Bedroom 2
A2,Podium 2,A2-205-j & Hall
A2,Podium 2,A2-205-k & Maid Room
A2,Podium 2,A2-206-a & Entrance
A2,Podium 2,A2-206-d & Living Room
A2,Podium 2,A2-206-e & Bedroom
A3,Podium 2,A3-2C02 & Hall
A3,Podium 2,A3-2C03 & HK Janitor Room
A3,Podium 2,A3-2E01 & ELV-Closet
A3,Podium 2,A3-2E02 & Sub Telephone Room
A3,Podium 2,A3-2E03 & Sub-Electrical Room
A3,Podium 2,A3-2STR01 & Stair
A3,Podium 2,A3-2STR01-a & Staircase landing
A3,Podium 2,A3-2STR02 & Stair
A3,Podium 2,A3-2STR02-a & Staircase landing
A3,Podium 2,A3-2STR03 & Stair
A3,Podium 2,A3-2STR03-a & Staircase landing
A3,Podium 2,A4-2STR04 & Stair
A3,Podium 2,A4-2STR04-a & Staircase landing
A3,Podium 2,A3-201-a & Entrance
A3,Podium 2,A3-201-d & Hall
A3,Podium 2,A3-201-e & Master Bedroom
A3,Podium 2,A3-201-e1 & W.I.C.
A3,Podium 2,A3-201-f & Bedroom
A3,Podium 2,A3-201-i & Living Room
A3,Podium 2,A3-202-a & Entrance
A3,Podium 2,A3-202-c & Living Room
A3,Podium 2,A3-202-e & Bedroom
A3,Podium 2,A3-203-a & Entrance
A3,Podium 2,A3-203-b & Maid Room
A3,Podium 2,A3-203-c & Hall
A3,Podium 2,A3-203-d & Bedroom 2
A3,Podium 2,A3-203-e & Master Bedroom
A3,Podium 2,A3-203-e1 & W.I.C.
A3,Podium 2,A3-203-g & Living Room
A3,Podium 2,A3-203-i & Bedroom 1
A3,Podium 2,A3-204-a & Entrance
A3,Podium 2,A3-204-c & Living Room
A3,Podium 2,A3-204-e & Bedroom
A3,Podium 2,A3-205-a & Entrance
A3,Podium 2,A3-205-c & Living Room
A3,Podium 2,A3-205-e & Bedroom 1
A3,Podium 2,A3-205-f & Bedroom 2
A3,Podium 2,A3-205-g & Master Bedroom
A3,Podium 2,A3-205-g1 & W.I.C.
A3,Podium 2,A3-205-h & Maid Room
A3,Podium 2,A3-205-i & Hall 1
A3,Podium 2,A3-205-k & Hall 2
A3,Podium 2,A3-205-l & Family Area
A3,Podium 2,A3-206-a & Entrance
A3,Podium 2,A3-206-c & Living Room
A3,Podium 2,A3-206-e & Bedroom
A3,Podium 2,A3-207-a & Entrance
A3,Podium 2,A3-207-c & Living Room
A3,Podium 2,A3-207-e & Bedroom
A3,Podium 2,A3-207-f & Master Bedroom
A3,Podium 2,A3-207-f1 & W.I.C.
A3,Podium 2,A3-207-g & Hall
A3,Podium 2,A3-208-a & Entrance
A3,Podium 2,A3-208-c & Living Room
A3,Podium 2,A3-208-e & Bedroom
A3,Podium 2,A3-208-f & Master Bedroom
A3,Podium 2,A3-208-f1 & W.I.C.
A3,Podium 2,A3-208-g & Hall
A3,Podium 2,A3-209-a & Entrance
A3,Podium 2,A3-209-c & Living Room
A3,Podium 2,A3-209-e & Bedroom 1
A3,Podium 2,A3-209-f & Bedroom 2
A3,Podium 2,A3-209-g & Master Bedroom
A3,Podium 2,A3-209-g1 & W.I.C.
A3,Podium 2,A3-209-h & Hall 2
A3,Podium 2,A3-209-i & Family Area
A3,Podium 2,A3-209-k & Maid Room
A3,Podium 2,A3-209-l & Hall 1
A3,Podium 2,A3-210-a & Entrance
A3,Podium 2,A3-210-b & Hall
A3,Podium 2,A3-210-f & Living Room
A3,Podium 2,A3-210-g & Bedroom
A3,Podium 2,A3-210-g1 & W.I.C.
A3,Podium 2,A3-211-a & Entrance
A3,Podium 2,A3-211-d & Hall
A3,Podium 2,A3-211-e & Master Bedroom
A3,Podium 2,A3-211-e1 & W.I.C.
A3,Podium 2,A3-211-f & Bedroom
A3,Podium 2,A3-211-i & Living Room
A3,Podium 2,A3-212-a & Entrance
A3,Podium 2,A3-212-c & Living Room
A3,Podium 2,A3-212-e & Bedroom
A3,Podium 2,A3-213-a & Entrance
A3,Podium 2,A3-213-d & Hall
A3,Podium 2,A3-213-e & Master Bedroom
A3,Podium 2,A3-213-e1 & W.I.C.
A3,Podium 2,A3-213-f & Bedroom
A3,Podium 2,A3-213-h & Living Room
A3,Podium 2,A3-214-a & Entrance
A3,Podium 2,A3-214-c & Living Room
A3,Podium 2,A3-214-e & Bedroom
A4,Podium 2,A4-2C02 & Hall
A4,Podium 2,A4-2C03 & HK Janitor Room
A4,Podium 2,A4-2C04 & Hall
A4,Podium 2,A4-2E01 & ELV-Closet
A4,Podium 2,A4-2E02 & Sub Telephone Room
A4,Podium 2,A4-2E03 & Sub-Electrical Room
A4,Podium 2,A4-2STR01 & Stair
A4,Podium 2,A4-2STR01-a & Staircase landing
A4,Podium 2,A4-2STR02 & Stair
A4,Podium 2,A4-2STR02-a & Staircase landing
A4,Podium 2,A4-2STR03 & Stair
A4,Podium 2,A4-2STR03-a & Staircase landing
A4,Podium 2,A4-201-a & Entrance
A4,Podium 2,A4-201-d & Hall
A4,Podium 2,A4-201-e & Master Bedroom
A4,Podium 2,A4-201-e1 & W.I.C.
A4,Podium 2,A4-201-f & Bedroom
A4,Podium 2,A4-201-i & Living Room
A4,Podium 2,A4-202-a & Entrance
A4,Podium 2,A4-202-c & Living Room
A4,Podium 2,A4-202-e & Bedroom
A4,Podium 2,A4-203-a & Entrance
A4,Podium 2,A4-203-b & Hall
A4,Podium 2,A4-203-f & Living Room
A4,Podium 2,A4-203-g & Bedroom
A4,Podium 2,A4-203-g1 & W.I.C.
A4,Podium 2,A4-204-a & Entrance
A4,Podium 2,A4-204-c & Living Room
A4,Podium 2,A4-204-e & Bedroom 1
A4,Podium 2,A4-204-f & Bedroom 2
A4,Podium 2,A4-204-g & Master Bedroom
A4,Podium 2,A4-204-g1 & W.I.C.
A4,Podium 2,A4-204-h & Hall 1
A4,Podium 2,A4-204-i & Maid Room
A4,Podium 2,A4-205-a & Entrance
A4,Podium 2,A4-205-c & Living Room
A4,Podium 2,A4-205-e & Bedroom 1
A4,Podium 2,A4-205-f & Bedroom 2
A4,Podium 2,A4-205-g & Master Bedroom
A4,Podium 2,A4-205-g1 & W.I.C.
A4,Podium 2,A4-205-h & Maid Room
A4,Podium 2,A4-205-i & Hall 1
A4,Podium 2,A4-206-a & Entrance
A4,Podium 2,A4-206-c & Living Room
A4,Podium 2,A4-206-e & Bedroom 1
A4,Podium 2,A4-206-f & Bedroom 2
A4,Podium 2,A4-206-g & Master Bedroom
A4,Podium 2,A4-206-g1 & W.I.C.
A4,Podium 2,A4-206-h & Maid Room
A4,Podium 2,A4-206-i & Hall 1
A4,Podium 2,A4-206-k & Hall 2
A4,Podium 2,A4-206-l & Family Area
A4,Podium 2,A4-207-a & Entrance
A4,Podium 2,A4-207-c & Living Room
A4,Podium 2,A4-207-e & Bedroom 1
A4,Podium 2,A4-207-f & Bedroom 2
A4,Podium 2,A4-207-g & Master Bedroom
A4,Podium 2,A4-207-g1 & W.I.C.
A4,Podium 2,A4-207-i & Maid Room
A4,Podium 2,A4-208-a & Entrance
A4,Podium 2,A4-208-c & Living Room
A4,Podium 2,A4-208-e & Bedroom
A4,Podium 2,A4-208-f & Master Bedroom
A4,Podium 2,A4-208-f1 & W.I.C.
A4,Podium 2,A4-208-g & Hall
A4,Podium 2,A4-209-a & Entrance
A4,Podium 2,A4-209-c & Living Room
A4,Podium 2,A4-209-e & Bedroom
A4,Podium 2,A4-210-a & Entrance
A4,Podium 2,A4-210-e & Living Room
A4,Podium 2,A4-210-g & Bedroom
A1,L3,A1-3C02 & Hall
A1,L3,A1-3C03 & HK Janitor Room
A1,L3,A1-3C04 & Hall
A1,L3,A1-3E01 & ELV-Closet
A1,L3,A1-3E02 & Sub Telephone Room
A1,L3,A1-3E03 & Sub-Electrical Room
A1,L3,A1-3STR01 & Stair
A1,L3,A1-3STR01-a & Staircase landing
A1,L3,A1-3STR02 & Stair
A1,L3,A1-3STR02-a & Staircase landing
A1,L3,A1-3STR03 & Stair
A1,L3,A1-3STR03-a & Staircase landing
A1,L3,A1-301-a & Entrance
A1,L3,A1-301-b & Hall
A1,L3,A1-301-e & Master Bedroom
A1,L3,A1-301-e1 & W.I.C.
A1,L3,A1-301-f & Bedroom
A1,L3,A1-301-i & Living Room
A1,L3,A1-302-a & Entrance
A1,L3,A1-302-c & Living Room
A1,L3,A1-302-e & Bedroom
A1,L3,A1-303-a & Entrance
A1,L3,A1-303-c & Living Room
A1,L3,A1-303-e & Bedroom
A1,L3,A1-304-a & Entrance
A1,L3,A1-304-d & Living Room
A1,L3,A1-304-e & Bedroom 1
A1,L3,A1-304-f & Bedroom 2
A1,L3,A1-304-g & Master Bedroom
A1,L3,A1-304-g1 & W.I.C.
A1,L3,A1-304-h & Maid Room
A1,L3,A1-304-i & Corridor
A1,L3,A1-305-a & Entrance
A1,L3,A1-305-d & Living Room
A1,L3,A1-305-e & Bedroom
A1,L3,A1-305-f & Master Bedroom
A1,L3,A1-305-f1 & W.I.C.
A1,L3,A1-305-i & Hall
A1,L3,A1-306-a & Entrance
A1,L3,A1-306-b & Living Room
A1,L3,A1-306-e & Bedroom
A1,L3,A1-306-f & Master Bedroom
A1,L3,A1-306-f1 & W.I.C.
A1,L3,A1-306-i & Hall
A1,L3,A1-307-a & Entrance
A1,L3,A1-307-c & Living Room
A1,L3,A1-307-e & Bedroom
A1,L3,A1-307-f & Master Bedroom
A1,L3,A1-307-f1 & W.I.C.
A1,L3,A1-307-g & Hall
A1,L3,A1-308-a & Entrance
A1,L3,A1-308-c & Living Room
A1,L3,A1-308-e & Bedroom
A1,L3,A1-308-f & Master Bedroom
A1,L3,A1-308-f1 & W.I.C.
A1,L3,A1-308-g & Hall
A1,L3,A1-309-a & Entrance
A1,L3,A1-309-d & Hall
A1,L3,A1-309-e & Master Bedroom
A1,L3,A1-309-e1 & W.I.C.
A1,L3,A1-309-f & Bedroom
A1,L3,A1-309-h & Living Room
A1,L3,A1-310-a & Entrance
A1,L3,A1-310-c & Living Room
A1,L3,A1-310-e & Master Bedroom
A1,L3,A1-310-i & Hall
A2,L3,A2-3C02 & Hall
A2,L3,A2-3C03 & HK Janitor Room
A2,L3,A2-3C04 & Hall
A2,L3,A2-3E01 & ELV-Closet
A2,L3,A2-3E02 & Sub Telephone Room
A2,L3,A2-3E03 & Sub-Electrical Room
A2,L3,A2-3STR01 & Stair
A2,L3,A2-3STR01-a & Staircase landing
A2,L3,A2-3STR02 & Stair
A2,L3,A2-3STR02-a & Staircase landing
A2,L3,A2-301-a & Entrance
A2,L3,A2-301-f & Living Room
A2,L3,A2-301-g & Bedroom
A2,L3,A2-302-a & Entrance
A2,L3,A2-302-c & Living Room
A2,L3,A2-302-e & Bedroom
A2,L3,A2-303-a & Entrance
A2,L3,A2-303-c & Living Room
A2,L3,A2-303-e & Bedroom
A2,L3,A2-303-f & Master Bedroom
A2,L3,A2-303-f1 & W.I.C.
A2,L3,A2-303-i & Hall
A2,L3,A2-304-a & Entrance
A2,L3,A2-304-c & Living Room
A2,L3,A2-304-e & Bedroom
A2,L3,A2-304-f & Master Bedroom
A2,L3,A2-304-f1 & W.I.C.
A2,L3,A2-304-i & Hall
A2,L3,A2-305-a & Entrance
A2,L3,A2-305-c & Living Room
A2,L3,A2-305-e & Bedroom 1
A2,L3,A2-305-f & Bedroom 2
A2,L3,A2-305-g & Master Bedroom
A2,L3,A2-305-g1 & W.I.C.
A2,L3,A2-305-h & Maid Room
A2,L3,A2-305-i & Hall 1
A2,L3,A2-306-a & Entrance
A2,L3,A2-306-f & Living Room
A2,L3,A2-306-g & Bedroom 1
A2,L3,A2-306-h & Master Bedroom
A2,L3,A2-306-i & Bedroom 2
A2,L3,A2-306-j & Hall
A2,L3,A2-306-k & Maid Room
A2,L3,A2-307-a & Entrance
A2,L3,A2-307-d & Living Room
A2,L3,A2-307-e & Bedroom
A3,L3,A3-3C02 & Hall
A3,L3,A3-3C03 & HK Janitor Room
A3,L3,A3-3E01 & ELV-Closet
A3,L3,A3-3E02 & Sub Telephone Room
A3,L3,A3-3E03 & Sub-Electrical Room
A3,L3,A3-3STR01 & Stair
A3,L3,A3-3STR01-a & Staircase landing
A3,L3,A3-3STR02 & Stair
A3,L3,A3-3STR02-a & Staircase landing
A3,L3,A3-3STR03 & Stair
A3,L3,A3-3STR03-a & Staircase landing
A3,L3,A4-3STR04 & Stair
A3,L3,A4-3STR04-a & Staircase landing
A3,L3,A3-301-a & Entrance
A3,L3,A3-301-d & Hall
A3,L3,A3-301-e & Master Bedroom
A3,L3,A3-301-e1 & W.I.C.
A3,L3,A3-301-f & Bedroom
A3,L3,A3-301-i & Living Room
A3,L3,A3-302-a & Entrance
A3,L3,A3-302-c & Living Room
A3,L3,A3-302-e & Bedroom
A3,L3,A3-303-a & Entrance
A3,L3,A3-303-d & Bedroom
A3,L3,A3-303-e & Living Room
A3,L3,A3-304-a & Entrance
A3,L3,A3-304-c & Living Room
A3,L3,A3-304-e & Bedroom 1
A3,L3,A3-304-f & Bedroom 2
A3,L3,A3-304-g & Master Bedroom
A3,L3,A3-304-g1 & W.I.C.
A3,L3,A3-304-h & Hall
A3,L3,A3-304-i & Maid Room
A3,L3,A3-305-a & Entrance
A3,L3,A3-305-c & Living Room
A3,L3,A3-305-e & Bedroom
A3,L3,A3-305-f & Master Bedroom
A3,L3,A3-305-f1 & W.I.C.
A3,L3,A3-305-g & Hall
A3,L3,A3-306-a & Entrance
A3,L3,A3-306-c & Bedroom 1
A3,L3,A3-306-c1 & W.I.C.
A3,L3,A3-306-e & Living Room
A3,L3,A3-306-f & Master Bedroom
A3,L3,A3-306-f1 & W.I.C.
A3,L3,A3-306-g & Maid Room
A3,L3,A3-306-h & Hall 2
A3,L3,A3-306-k & Hall 1
A3,L3,A3-307-a & Entrance
A3,L3,A3-307-c & Living Room
A3,L3,A3-307-e & Bedroom
A3,L3,A3-308-a & Entrance
A3,L3,A3-308-c & Living Room
A3,L3,A3-308-e & Bedroom
A3,L3,A3-308-f & Master Bedroom
A3,L3,A3-308-f1 & W.I.C.
A3,L3,A3-308-g & Hall
A3,L3,A3-309-a & Entrance
A3,L3,A3-309-c & Living Room
A3,L3,A3-309-e & Bedroom
A3,L3,A3-309-f & Master Bedroom
A3,L3,A3-309-f1 & W.I.C.
A3,L3,A3-309-g & Hall
A3,L3,A3-310-a & Entrance
A3,L3,A3-310-c & Living Room
A3,L3,A3-310-e & Bedroom 1
A3,L3,A3-310-f & Bedroom 2
A3,L3,A3-310-g & Master Bedroom
A3,L3,A3-310-g1 & W.I.C.
A3,L3,A3-310-h & Hall 2
A3,L3,A3-310-i & Family Area
A3,L3,A3-310-k & Maid Room
A3,L3,A3-310-l & Hall 1
A3,L3,A3-311-a & Entrance
A3,L3,A3-311-b & Hall
A3,L3,A3-311-f & Living Room
A3,L3,A3-311-g & Bedroom
A3,L3,A3-311-g1 & W.I.C.
A3,L3,A3-312-a & Entrance
A3,L3,A3-312-d & Hall
A3,L3,A3-312-e & Master Bedroom
A3,L3,A3-312-e1 & W.I.C.
A3,L3,A3-312-f & Bedroom
A3,L3,A3-312-i & Living Room
A3,L3,A3-313-a & Entrance
A3,L3,A3-313-c & Living Room
A3,L3,A3-313-e & Bedroom
A3,L3,A3-314-a & Entrance
A3,L3,A3-314-d & Hall
A3,L3,A3-314-e & Master Bedroom
A3,L3,A3-314-e1 & W.I.C.
A3,L3,A3-314-f & Bedroom
A3,L3,A3-314-h & Living Room
A3,L3,A3-315-a & Entrance
A3,L3,A3-315-c & Living Room
A3,L3,A3-315-e & Bedroom
A4,L3,A4-3C02 & Hall
A4,L3,A4-3C03 & HK Janitor Room
A4,L3,A4-3C04 & Hall
A4,L3,A4-3E01 & ELV-Closet
A4,L3,A4-3E02 & Sub Telephone Room
A4,L3,A4-3E03 & Sub-Electrical Room
A4,L3,A4-3STR01 & Stair
A4,L3,A4-3STR01-a & Staircase landing
A4,L3,A4-3STR02 & Stair
A4,L3,A4-3STR02-a & Staircase landing
A4,L3,A4-3STR03 & Stair
A4,L3,A4-3STR03-a & Staircase landing
A4,L3,A4-301-a & Entrance
A4,L3,A4-301-d & Hall
A4,L3,A4-301-e & Master Bedroom
A4,L3,A4-301-e1 & W.I.C.
A4,L3,A4-301-f & Bedroom
A4,L3,A4-301-i & Living Room
A4,L3,A4-302-a & Entrance
A4,L3,A4-302-c & Living Room
A4,L3,A4-302-e & Bedroom
A4,L3,A4-303-a & Entrance
A4,L3,A4-303-b & Hall
A4,L3,A4-303-f & Living Room
A4,L3,A4-303-g & Bedroom
A4,L3,A4-303-g1 & W.I.C.
A4,L3,A4-304-a & Entrance
A4,L3,A4-304-c & Living Room
A4,L3,A4-304-e & Bedroom 1
A4,L3,A4-304-f & Bedroom 2
A4,L3,A4-304-g & Master Bedroom
A4,L3,A4-304-g1 & W.I.C.
A4,L3,A4-304-h & Hall 2
A4,L3,A4-304-i & Family Area
A4,L3,A4-304-k & Maid Room
A4,L3,A4-304-l & Hall 1
A4,L3,A4-305-a & Entrance
A4,L3,A4-305-c & Living Room
A4,L3,A4-305-e & Bedroom
A4,L3,A4-305-f & Master Bedroom
A4,L3,A4-305-f1 & W.I.C.
A4,L3,A4-305-g & Hall
A4,L3,A4-306-a & Entrance
A4,L3,A4-306-c & Living Room
A4,L3,A4-306-e & Bedroom
A4,L3,A4-306-f & Master Bedroom
A4,L3,A4-306-f1 & W.I.C.
A4,L3,A4-306-g & Hall
A4,L3,A4-307-a & Entrance
A4,L3,A4-307-c & Living Room
A4,L3,A4-307-e & Bedroom 1
A4,L3,A4-307-f & Bedroom 2
A4,L3,A4-307-g & Master Bedroom
A4,L3,A4-307-g1 & W.I.C.
A4,L3,A4-307-h & Hall
A4,L3,A4-307-i & Maid Room
A4,L3,A4-308-a & Entrance
A4,L3,A4-308-c & Living Room
A4,L3,A4-308-e & Bedroom 1
A4,L3,A4-308-f & Bedroom 2
A4,L3,A4-308-g & Master Bedroom
A4,L3,A4-308-g1 & W.I.C.
A4,L3,A4-308-h & Corridor
A4,L3,A4-308-i & Maid Room
A4,L3,A4-309-a & Entrance
A4,L3,A4-309-c & Living Room
A4,L3,A4-309-e & Bedroom
A4,L3,A4-309-f & Master Bedroom
A4,L3,A4-309-f1 & W.I.C.
A4,L3,A4-309-g & Hall
A4,L3,A4-310-a & Entrance
A4,L3,A4-310-c & Living Room
A4,L3,A4-310-e & Bedroom
A4,L3,A4-311-a & Entrance
A4,L3,A4-311-e & Living Room
A4,L3,A4-311-g & Bedroom
A1,L4,A1-4C02 & Hall
A1,L4,A1-4C03 & HK Janitor Room
A1,L4,A1-4C04 & Hall
A1,L4,A1-4E01 & ELV-Closet
A1,L4,A1-4E02 & Sub Telephone Room
A1,L4,A1-4E03 & Sub-Electrical Room
A1,L4,A1-4STR01 & Stair
A1,L4,A1-4STR01-a & Staircase landing
A1,L4,A1-4STR02 & Stair
A1,L4,A1-4STR02-a & Staircase landing
A1,L4,A1-4STR03 & Stair
A1,L4,A1-4STR03-a & Staircase landing
A1,L4,A1-401-a & Entrance
A1,L4,A1-401-e1 & W.I.C.
A1,L4,A1-402-a & Entrance
A1,L4,A1-403-a & Entrance
A1,L4,A1-404-a & Entrance
A1,L4,A1-404-g1 & W.I.C.
A1,L4,A1-404-h & Maid Room
A1,L4,A1-404-i & Corridor
A1,L4,A1-405-a & Entrance
A1,L4,A1-405-f1 & W.I.C.
A1,L4,A1-406-a & Entrance
A1,L4,A1-406-f1 & W.I.C.
A1,L4,A1-407-a & Entrance
A1,L4,A1-407-f1 & W.I.C.
A1,L4,A1-408-a & Entrance
A1,L4,A1-408-f1 & W.I.C.
A1,L4,A1-409-a & Entrance
A1,L4,A1-409-e1 & W.I.C.
A1,L4,A1-410-a & Entrance
A2,L4,A2-4C02 & Hall
A2,L4,A2-4C03 & HK Janitor Room
A2,L4,A2-4C04 & Hall
A2,L4,A2-4E01 & ELV-Closet
A2,L4,A2-4E02 & Sub Telephone Room
A2,L4,A2-4E03 & Sub-Electrical Room
A2,L4,A2-4STR01 & Stair
A2,L4,A2-4STR01-a & Staircase landing
A2,L4,A2-4STR02 & Stair
A2,L4,A2-4STR02-a & Staircase landing
A2,L4,A2-401-a & Entrance
A2,L4,A2-402-a & Entrance
A2,L4,A2-403-a & Entrance
A2,L4,A2-403-f1 & W.I.C.
A2,L4,A2-404-a & Entrance
A2,L4,A2-404-f1 & W.I.C.
A2,L4,A2-405-a & Entrance
A2,L4,A2-405-g1 & W.I.C.
A2,L4,A2-405-h & Maid Room
A2,L4,A2-406-a & Entrance
A2,L4,A2-406-k & Maid Room
A2,L4,A2-407-a & Entrance
A3,L4,A3-4C02 & Corridor
A3,L4,A3-4C03 & HK Janitor Room
A3,L4,A3-4E01 & ELV-Closet
A3,L4,A3-4E02 & Sub Telephone Room
A3,L4,A3-4E03 & Sub-Electrical Room
A3,L4,A3-4STR01 & Stair
A3,L4,A3-4STR01-a & Staircase landing
A3,L4,A3-4STR02 & Stair
A3,L4,A3-4STR02-a & Staircase landing
A3,L4,A3-4STR03 & Stair
A3,L4,A3-4STR03-a & Staircase landing
A3,L4,A3-401-a & Entrance
A3,L4,A3-401-e1 & W.I.C.
A3,L4,A3-402-a & Entrance
A3,L4,A3-403-a & Entrance
A3,L4,A3-404-a & Entrance
A3,L4,A3-404-g1 & W.I.C.
A3,L4,A3-404-i & Maid Room
A3,L4,A3-405-a & Entrance
A3,L4,A3-405-f1 & W.I.C.
A3,L4,A3-406-a & Entrance
A3,L4,A3-406-c1 & W.I.C.
A3,L4,A3-406-f1 & W.I.C.
A3,L4,A3-406-g & Maid Room
A3,L4,A3-407-a & Entrance
A3,L4,A3-407-f1 & W.I.C.
A3,L4,A3-408-a & Entrance
A3,L4,A3-408-f1 & W.I.C.
A3,L4,A3-409-a & Entrance
A3,L4,A3-409-h1 & W.I.C.
A3,L4,A3-409-k & Maid Room
A3,L4,A3-410-a & Entrance
A3,L4,A3-411-a & Entrance
A3,L4,A3-411-e1 & W.I.C.
A3,L4,A3-412-a & Entrance
A4,L4,A4-4C02 & Hall
A4,L4,A4-4C03 & HK Janitor Room
A4,L4,A4-4C04 & Hall
A4,L4,A4-4E01 & ELV-Closet
A4,L4,A4-4E02 & Sub Telephone Room
A4,L4,A4-4E03 & Sub-Electrical Room
A4,L4,A4-4STR01 & Stair
A4,L4,A4-4STR01-a & Staircase landing
A4,L4,A4-4STR02 & Stair
A4,L4,A4-4STR02-a & Staircase landing
A4,L4,A4-4STR03 & Stair
A4,L4,A4-4STR03-a & Staircase landing
A4,L4,A4-401-a & Entrance
A4,L4,A4-401-e1 & W.I.C.
A4,L4,A4-402-a & Entrance
A4,L4,A4-402-e1 & W.I.C.
A4,L4,A4-402-j & Maid Room
A4,L4,A4-403-a & Entrance
A4,L4,A4-403-f1 & W.I.C.
A4,L4,A4-404-a & Entrance
A4,L4,A4-404-f1 & W.I.C.
A4,L4,A4-405-a & Entrance
A4,L4,A4-405-g1 & W.I.C.
A4,L4,A4-405-l & Maid Room
A4,L4,A4-406-a & Entrance
A4,L4,A4-406-g1 & W.I.C.
A4,L4,A4-406-h & Corridor
A4,L4,A4-406-i & Maid Room
A4,L4,A4-407-a & Entrance
A4,L4,A4-407-f1 & W.I.C.
A4,L4,A4-408-a & Entrance
A4,L4,A4-409-a & Entrance
A1,L5,A1-5C02 & Hall
A1,L5,A1-5C03 & HK Janitor Room
A1,L5,A1-5C04 & Hall
A1,L5,A1-5E01 & ELV-Closet
A1,L5,A1-5E02 & Sub Telephone Room
A1,L5,A1-5E03 & Sub-Electrical Room
A1,L5,A1-5STR01 & Stair
A1,L5,A1-5STR01-a & Staircase landing
A1,L5,A1-5STR02 & Stair
A1,L5,A1-5STR02-a & Staircase landing
A1,L5,A1-5STR03 & Stair
A1,L5,A1-5STR03-a & Staircase landing
A1,L5,A1-501-a & Entrance
A1,L5,A1-501-e1 & W.I.C.
A1,L5,A1-502-a & Entrance
A1,L5,A1-503-a & Entrance
A1,L5,A1-504-a & Entrance
A1,L5,A1-504-g1 & W.I.C.
A1,L5,A1-504-h & Maid Room
A1,L5,A1-504-i & Corridor
A1,L5,A1-505-a & Entrance
A1,L5,A1-505-f1 & W.I.C.
A1,L5,A1-506-a & Entrance
A1,L5,A1-506-f1 & W.I.C.
A1,L5,A1-507-a & Entrance
A1,L5,A1-507-f1 & W.I.C.
A1,L5,A1-508-a & Entrance
A1,L5,A1-508-f1 & W.I.C.
A1,L5,A1-509-a & Entrance
A1,L5,A1-509-e1 & W.I.C.
A1,L5,A1-510-a & Entrance
A2,L5,A2-5C02 & Hall
A2,L5,A2-5C03 & HK Janitor Room
A2,L5,A2-5C04 & Hall
A2,L5,A2-5E01 & ELV-Closet
A2,L5,A2-5E02 & Sub Telephone Room
A2,L5,A2-5E03 & Sub-Electrical Room
A2,L5,A2-5STR01 & Stair
A2,L5,A2-5STR01-a & Staircase landing
A2,L5,A2-5STR02 & Stair
A2,L5,A2-5STR02-a & Staircase landing
A2,L5,A2-501-a & Entrance
A2,L5,A2-502-a & Entrance
A2,L5,A2-503-a & Entrance
A2,L5,A2-503-f1 & W.I.C.
A2,L5,A2-504-a & Entrance
A2,L5,A2-504-f1 & W.I.C.
A2,L5,A2-505-a & Entrance
A2,L5,A2-505-g1 & W.I.C.
A2,L5,A2-505-h & Maid Room
A2,L5,A2-506-a & Entrance
A2,L5,A2-506-k & Maid Room
A2,L5,A2-507-a & Entrance
A3,L5,A3-5C03 & HK Janitor Room
A3,L5,A3-5E01 & ELV-Closet
A3,L5,A3-5E02 & Sub Telephone Room
A3,L5,A3-5E03 & Sub-Electrical Room
A3,L5,A3-5STR01 & Stair
A3,L5,A3-5STR01-a & Staircase landing
A3,L5,A3-5STR02 & Stair
A3,L5,A3-5STR02-a & Staircase landing
A3,L5,A3-5STR03 & Stair
A3,L5,A3-5STR03-a & Staircase landing
A3,L5,A3-501-a & Entrance
A3,L5,A3-501-e1 & W.I.C.
A3,L5,A3-502-a & Entrance
A3,L5,A3-503-a & Entrance
A3,L5,A3-504-a & Entrance
A3,L5,A3-504-g1 & W.I.C.
A3,L5,A3-504-i & Maid Room
A3,L5,A3-505-a & Entrance
A3,L5,A3-505-f1 & W.I.C.
A3,L5,A3-506-a & Entrance
A3,L5,A3-506-c1 & W.I.C.
A3,L5,A3-506-f1 & W.I.C.
A3,L5,A3-506-g & Maid Room
A3,L5,A3-507-a & Entrance
A3,L5,A3-507-f1 & W.I.C.
A3,L5,A3-508-a & Entrance
A3,L5,A3-508-f1 & W.I.C.
A3,L5,A3-509-a & Entrance
A3,L5,A3-509-h1 & W.I.C.
A3,L5,A3-509-k & Maid Room
A3,L5,A3-510-a & Entrance
A3,L5,A3-511-a & Entrance
A3,L5,A3-511-e1 & W.I.C.
A3,L5,A3-512-a & Entrance
A4,L5,A4-5C02 & Hall
A4,L5,A4-5C03 & HK Janitor Room
A4,L5,A4-5C04 & Hall
A4,L5,A4-5E01 & ELV-Closet
A4,L5,A4-5E02 & Sub Telephone Room
A4,L5,A4-5E03 & Sub-Electrical Room
A4,L5,A4-5STR01 & Stair
A4,L5,A4-5STR01-a & Staircase landing
A4,L5,A4-5STR02 & Stair
A4,L5,A4-5STR02-a & Staircase landing
A4,L5,A4-5STR03 & Stair
A4,L5,A4-5STR03-a & Staircase landing
A4,L5,A4-501-a & Entrance
A4,L5,A4-501-e1 & W.I.C.
A4,L5,A4-502-a & Entrance
A4,L5,A4-502-e1 & W.I.C.
A4,L5,A4-502-j & Maid Room
A4,L5,A4-503-a & Entrance
A4,L5,A4-503-f1 & W.I.C.
A4,L5,A4-504-a & Entrance
A4,L5,A4-504-f1 & W.I.C.
A4,L5,A4-505-a & Entrance
A4,L5,A4-505-f1 & W.I.C.
A4,L5,A4-505-h & Maid Room
A4,L5,A4-506-a & Entrance
A4,L5,A4-506-g1 & W.I.C.
A4,L5,A4-506-h & Corridor
A4,L5,A4-506-i & Maid Room
A4,L5,A4-507-a & Entrance
A4,L5,A4-507-f1 & W.I.C.
A4,L5,A4-508-a & Entrance
A4,L5,A4-509-a & Entrance
A1,L6,A1-6C01 & Corridor
A1,L6,A1-6C03 & HK Janitor Room
A1,L6,A1-6E01 & ELV-Closet
A1,L6,A1-6E02 & Sub Telephone Room
A1,L6,A1-6E03 & Sub-Electrical Room
A1,L6,A1-6STR01 & Stair
A1,L6,A1-6STR01-a & Staircase landing
A1,L6,A1-6STR02 & Stair
A1,L6,A1-6STR02-a & Staircase landing
A1,L6,A1-601-a & Entrance
A1,L6,A1-601-e & Master Bedroom
A1,L6,A1-601-e1 & W.I.C.
A1,L6,A1-601-f & Bedroom
A1,L6,A1-601-i & Living Room
A1,L6,A1-602-a & Entrance
A1,L6,A1-602-c & Living Room
A1,L6,A1-602-e & Bedroom
A1,L6,A1-603-a & Entrance
A1,L6,A1-603-c & Maid Room
A1,L6,A1-603-f & Living Room
A1,L6,A1-603-h & Wellness Guest Suite
A1,L6,A1-603-h2 & W.I.C.
A1,L6,A1-603-k & Corridor
A1,L6,A1-603-m & Staircase
A1,L6,A1-604-a & Entrance
A1,L6,A1-604-c & Living Room
A1,L6,A1-604-e & Bedroom
A1,L6,A1-604-f & Master Bedroom
A1,L6,A1-604-f1 & W.I.C.
A1,L6,A1-605-a & Entrance
A1,L6,A1-605-c & Living Room
A1,L6,A1-605-e & Bedroom
A1,L6,A1-605-f & Master Bedroom
A1,L6,A1-605-f1 & W.I.C.
A1,L6,A1-606-a & Entrance
A1,L6,A1-606-e & Master Bedroom
A1,L6,A1-606-e1 & W.I.C.
A1,L6,A1-606-f & Bedroom
A1,L6,A1-606-h & Living Room
A1,L6,A1-607-a & Entrance
A1,L6,A1-607-c & Living Room
A1,L6,A1-607-e & Master Bedroom
A2,L6,A2-6C03 & HK Janitor Room
A2,L6,A2-6E01 & ELV-Closet
A2,L6,A2-6E02 & Sub Telephone Room
A2,L6,A2-6E03 & Sub-Electrical Room
A2,L6,A2-6STR01 & Stair
A2,L6,A2-6STR01-a & Staircase landing
A2,L6,A2-6STR02 & Stair
A2,L6,A2-6STR02-a & Staircase landing
A2,L6,A2-601-a & Entrance
A2,L6,A2-601-f & Living Room
A2,L6,A2-601-g & Bedroom
A2,L6,A2-602-a & Entrance
A2,L6,A2-602-c & Living Room
A2,L6,A2-602-e & Bedroom
A2,L6,A2-603-a & Entrance
A2,L6,A2-603-c & Living Room
A2,L6,A2-603-e & Bedroom
A2,L6,A2-603-f & Master Bedroom
A2,L6,A2-603-f1 & W.I.C.
A2,L6,A2-604-a & Entrance
A2,L6,A2-604-c & Living Room
A2,L6,A2-604-e & Bedroom
A2,L6,A2-604-f & Master Bedroom
A2,L6,A2-604-f1 & W.I.C.
A2,L6,A2-605-a & Entrance
A2,L6,A2-605-c & Living Room
A2,L6,A2-605-e & Bedroom 1
A2,L6,A2-605-f & Bedroom 2
A2,L6,A2-605-g & Master Bedroom
A2,L6,A2-605-g1 & W.I.C.
A2,L6,A2-605-h & Maid Room
A2,L6,A2-605-i & Hall 1
A2,L6,A2-605-l & Family Area
A2,L6,A2-605-m & Hall 2
A2,L6,A2-606-a & Entrance
A2,L6,A2-606-f & Living Room
A2,L6,A2-606-g & Bedroom 1
A2,L6,A2-606-h & Master Bedroom
A2,L6,A2-606-i & Bedroom 2
A2,L6,A2-606-k & Maid Room
A2,L6,A2-607-a & Entrance
A2,L6,A2-607-c & Living Room
A2,L6,A2-607-e & Bedroom
A3,L6,A3-6C03 & HK Janitor Room
A3,L6,A3-6E01 & ELV-Closet
A3,L6,A3-6E02 & Sub Telephone Room
A3,L6,A3-6E03 & Sub-Electrical Room
A3,L6,A3-6STR01 & Stair
A3,L6,A3-6STR01-a & Staircase landing
A3,L6,A3-6STR02 & Stair
A3,L6,A3-6STR02-a & Staircase landing
A3,L6,A3-6STR03 & Stair
A3,L6,A3-6STR03-a & Staircase landing
A3,L6,A3-601-a & Entrance
A3,L6,A3-601-e & Master Bedroom
A3,L6,A3-601-e1 & W.I.C.
A3,L6,A3-601-f & Bedroom
A3,L6,A3-601-i & Living Room
A3,L6,A3-602-a & Entrance
A3,L6,A3-602-c & Living Room
A3,L6,A3-602-e & Bedroom
A3,L6,A3-603-a & Entrance
A3,L6,A3-603-d & Bedroom
A3,L6,A3-603-e & Living Room
A3,L6,A3-604-a & Entrance
A3,L6,A3-604-c & Living Room
A3,L6,A3-604-e & Bedroom 1
A3,L6,A3-604-f & Bedroom 2
A3,L6,A3-604-g & Master Bedroom
A3,L6,A3-604-g1 & W.I.C.
A3,L6,A3-604-i & Maid Room
A3,L6,A3-605-a & Entrance
A3,L6,A3-605-c & Living Room
A3,L6,A3-605-e & Bedroom
A3,L6,A3-605-f & Master Bedroom
A3,L6,A3-605-f1 & W.I.C.
A3,L6,A3-606-a & Entrance
A3,L6,A3-606-c & Bedroom 1
A3,L6,A3-606-c1 & W.I.C.
A3,L6,A3-606-e & Living Room
A3,L6,A3-606-f & Master Bedroom
A3,L6,A3-606-f1 & W.I.C.
A3,L6,A3-606-g & Maid Room
A3,L6,A3-606-h & Hall 2
A3,L6,A3-606-k & Hall 1
A3,L6,A3-607-a & Entrance
A3,L6,A3-607-c & Living Room
A3,L6,A3-607-e & Bedroom
A3,L6,A3-607-f & Master Bedroom
A3,L6,A3-607-f1 & W.I.C.
A3,L6,A3-608-a & Entrance
A3,L6,A3-608-c & Living Room
A3,L6,A3-608-e & Bedroom
A3,L6,A3-608-f & Master Bedroom
A3,L6,A3-608-f1 & W.I.C.
A3,L6,A3-609-a & Entrance
A3,L6,A3-609-d & Bedroom 1
A3,L6,A3-609-f & Living Room
A3,L6,A3-609-h & Master Bedroom
A3,L6,A3-609-h1 & W.I.C.
A3,L6,A3-609-j & Bedroom 2
A3,L6,A3-609-k & Maid Room
A3,L6,A3-610-a & Entrance
A3,L6,A3-610-c & Living Room
A3,L6,A3-610-e & Bedroom
A3,L6,A3-611-a & Entrance
A3,L6,A3-611-e & Master Bedroom
A3,L6,A3-611-e1 & W.I.C.
A3,L6,A3-611-f & Bedroom
A3,L6,A3-611-h & Living Room
A3,L6,A3-612-a & Entrance
A3,L6,A3-612-c & Living Room
A3,L6,A3-612-e & Bedroom
A4,L6,A4-6C03 & HK Janitor Room
A4,L6,A4-6E01 & ELV-Closet
A4,L6,A4-6E02 & Sub Telephone Room
A4,L6,A4-6E03 & Sub-Electrical Room
A4,L6,A4-6STR02 & Stair
A4,L6,A4-6STR02-a & Staircase landing
A4,L6,A4-6STR03 & Stair
A4,L6,A4-6STR03-a & Staircase landing
A4,L6,A4-601-a & Entrance
A4,L6,A4-601-e & Master Bedroom
A4,L6,A4-601-e1 & W.I.C.
A4,L6,A4-601-f & Bedroom
A4,L6,A4-601-i & Living Room
A4,L6,A4-602-a & Entrance
A4,L6,A4-602-d & Bedroom 2
A4,L6,A4-602-e & Master Bedroom
A4,L6,A4-602-e1 & W.I.C.
A4,L6,A4-602-g & Living Room
A4,L6,A4-602-i & Bedroom 1
A4,L6,A4-602-j & Maid Room
A4,L6,A4-603-a & Entrance
A4,L6,A4-603-c & Living Room
A4,L6,A4-603-e & Bedroom
A4,L6,A4-603-f & Master Bedroom
A4,L6,A4-603-f1 & W.I.C.
A4,L6,A4-604-a & Entrance
A4,L6,A4-604-c & Living Room
A4,L6,A4-604-e & Bedroom
A4,L6,A4-604-f & Master Bedroom
A4,L6,A4-604-f1 & W.I.C.
A4,L6,A4-605-a & Entrance
A4,L6,A4-605-c & Living Room
A4,L6,A4-605-e & Bedroom
A4,L6,A4-606-a & Entrance
A4,L6,A4-606-d & Bedroom 1
A4,L6,A4-606-d1 & W.I.C.
A4,L6,A4-606-f & Living Room
A4,L6,A4-606-k & Maid Room
A4,L6,A4-606-l & Staircase
A1,L7,A1-7C03 & HK Janitor Room
A1,L7,A1-7E01 & ELV-Closet
A1,L7,A1-7E02 & Sub Telephone Room
A1,L7,A1-7E03 & Sub-Electrical Room
A1,L7,A1-7STR01 & Stair
A1,L7,A1-7STR01-a & Staircase landing
A1,L7,A1-7STR02 & Stair
A1,L7,A1-7STR02-a & Staircase landing
A1,L7,A1-701-a & Entrance
A1,L7,A1-701-e & Master Bedroom
A1,L7,A1-701-e1 & W.I.C.
A1,L7,A1-701-f & Bedroom
A1,L7,A1-701-i & Living Room
A1,L7,A1-702-a & Entrance
A1,L7,A1-702-c & Living Room
A1,L7,A1-702-e & Bedroom
A1,L7,A1-603-m & Staircase
A1,L7,A1-603-p & Master Bedroom
A1,L7,A1-603-p2 & W.I.C.
A1,L7,A1-603-r & Family Room
A1,L7,A1-603-s & Bedroom 2
A1,L7,A1-603-t & Bedroom 3
A1,L7,A1-603-t2 & W.I.C.
A1,L7,A1-703-a & Entrance
A1,L7,A1-703-c & Living Room
A1,L7,A1-703-e & Bedroom
A1,L7,A1-703-f & Master Bedroom
A1,L7,A1-703-f1 & W.I.C.
A1,L7,A1-704-a & Entrance
A1,L7,A1-704-c & Living Room
A1,L7,A1-704-e & Bedroom
A1,L7,A1-704-f & Master Bedroom
A1,L7,A1-704-f1 & W.I.C.
A1,L7,A1-705-a & Entrance
A1,L7,A1-705-e & Master Bedroom
A1,L7,A1-705-e1 & W.I.C.
A1,L7,A1-705-f & Bedroom
A1,L7,A1-705-h & Living Room
A1,L7,A1-706-a & Entrance
A1,L7,A1-706-c & Living Room
A1,L7,A1-706-e & Master Bedroom
A1,L7,A1-706-e1 & Master Bathroom
A2,L7,A2-7C03 & HK Janitor Room
A2,L7,A2-7E01 & ELV-Closet
A2,L7,A2-7E02 & Sub Telephone Room
A2,L7,A2-7E03 & Sub-Electrical Room
A2,L7,A2-7STR01 & Stair
A2,L7,A2-7STR01-a & Staircase landing
A2,L7,A2-7STR02 & Stair
A2,L7,A2-7STR02-a & Staircase landing
A2,L7,A2-701-a & Entrance
A2,L7,A2-701-f & Living Room
A2,L7,A2-701-g & Bedroom
A2,L7,A2-702-a & Entrance
A2,L7,A2-702-c & Living Room
A2,L7,A2-702-e & Bedroom
A2,L7,A2-703-a & Entrance
A2,L7,A2-703-c & Living Room
A2,L7,A2-703-e & Bedroom
A2,L7,A2-703-f & Master Bedroom
A2,L7,A2-703-f1 & W.I.C.
A2,L7,A2-704-a & Entrance
A2,L7,A2-704-c & Living Room
A2,L7,A2-704-e & Bedroom
A2,L7,A2-704-f & Master Bedroom
A2,L7,A2-704-f1 & W.I.C.
A2,L7,A2-705-a & Entrance
A2,L7,A2-705-c & Living Room
A2,L7,A2-705-e & Bedroom 1
A2,L7,A2-705-f & Bedroom 2
A2,L7,A2-705-g & Master Bedroom
A2,L7,A2-705-g1 & W.I.C.
A2,L7,A2-705-i & Maid Room
A2,L7,A2-706-a & Entrance
A2,L7,A2-706-f & Living Room
A2,L7,A2-706-g & Bedroom 1
A2,L7,A2-706-h & Master Bedroom
A2,L7,A2-706-i & Bedroom 2
A2,L7,A2-706-k & Maid Room
A2,L7,A2-707-a & Entrance
A2,L7,A2-707-c & Living Room
A2,L7,A2-707-e & Bedroom
A3,L7,A3-7C03 & HK Janitor Room
A3,L7,A3-7E01 & ELV-Closet
A3,L7,A3-7E02 & Sub Telephone Room
A3,L7,A3-7E03 & Sub-Electrical Room
A3,L7,A3-7STR01 & Stair
A3,L7,A3-7STR01-a & Staircase landing
A3,L7,A3-7STR02 & Stair
A3,L7,A3-7STR02-a & Staircase landing
A3,L7,A3-7STR03 & Stair
A3,L7,A3-7STR03-a & Staircase landing
A3,L7,A3-701-a & Entrance
A3,L7,A3-701-e & Master Bedroom
A3,L7,A3-701-e1 & W.I.C.
A3,L7,A3-701-f & Bedroom
A3,L7,A3-701-i & Living Room
A3,L7,A3-702-a & Entrance
A3,L7,A3-702-c & Living Room
A3,L7,A3-702-e & Bedroom
A3,L7,A3-703-a & Entrance
A3,L7,A3-703-d & Bedroom
A3,L7,A3-703-e & Living Room
A3,L7,A3-704-a & Entrance
A3,L7,A3-704-c & Living Room
A3,L7,A3-704-e & Bedroom 1
A3,L7,A3-704-f & Bedroom 2
A3,L7,A3-704-g & Master Bedroom
A3,L7,A3-704-g1 & W.I.C.
A3,L7,A3-704-i & Maid Room
A3,L7,A3-705-a & Entrance
A3,L7,A3-705-c & Living Room
A3,L7,A3-705-e & Bedroom
A3,L7,A3-705-f & Master Bedroom
A3,L7,A3-705-f1 & W.I.C.
A3,L7,A3-706-a & Entrance
A3,L7,A3-706-c & Bedroom 1
A3,L7,A3-706-c1 & W.I.C.
A3,L7,A3-706-e & Living Room
A3,L7,A3-706-f & Master Bedroom
A3,L7,A3-706-f1 & W.I.C.
A3,L7,A3-706-g & Maid Room
A3,L7,A3-707-a & Entrance
A3,L7,A3-707-c & Living Room
A3,L7,A3-707-e & Bedroom
A3,L7,A3-707-f & Master Bedroom
A3,L7,A3-707-f1 & W.I.C.
A3,L7,A3-708-a & Entrance
A3,L7,A3-708-c & Living Room
A3,L7,A3-708-e & Bedroom
A3,L7,A3-708-f & Master Bedroom
A3,L7,A3-708-f1 & W.I.C.
A3,L7,A3-709-a & Entrance
A3,L7,A3-709-d & Bedroom 1
A3,L7,A3-709-f & Living Room
A3,L7,A3-709-h & Master Bedroom
A3,L7,A3-709-h1 & W.I.C.
A3,L7,A3-709-j & Bedroom 2
A3,L7,A3-709-k & Maid Room
A3,L7,A3-710-a & Entrance
A3,L7,A3-710-c & Living Room
A3,L7,A3-710-e & Bedroom
A3,L7,A3-711-a & Entrance
A3,L7,A3-711-e & Master Bedroom
A3,L7,A3-711-e1 & W.I.C.
A3,L7,A3-711-f & Bedroom
A3,L7,A3-711-h & Living Room
A3,L7,A3-712-a & Entrance
A3,L7,A3-712-c & Living Room
A3,L7,A3-712-e & Bedroom
A4,L7,A4-7C03 & HK Janitor Room
A4,L7,A4-7E01 & ELV-Closet
A4,L7,A4-7E02 & Sub Telephone Room
A4,L7,A4-7E03 & Sub-Electrical Room
A4,L7,A4-7STR02 & Stair
A4,L7,A4-7STR02-a & Staircase landing
A4,L7,A4-7STR03 & Stair
A4,L7,A4-7STR03-a & Staircase landing
A4,L7,A4-701-a & Entrance
A4,L7,A4-701-e & Master Bedroom
A4,L7,A4-701-e1 & W.I.C.
A4,L7,A4-701-f & Bedroom
A4,L7,A4-701-i & Living Room
A4,L7,A4-702-a & Entrance
A4,L7,A4-702-d & Bedroom 2
A4,L7,A4-702-e & Master Bedroom
A4,L7,A4-702-e1 & W.I.C.
A4,L7,A4-702-g & Living Room
A4,L7,A4-702-i & Bedroom 1
A4,L7,A4-702-j & Maid Room
A4,L7,A4-703-a & Entrance
A4,L7,A4-703-c & Living Room
A4,L7,A4-703-e & Bedroom
A4,L7,A4-703-f & Master Bedroom
A4,L7,A4-703-f1 & W.I.C.
A4,L7,A4-704-a & Entrance
A4,L7,A4-704-c & Living Room
A4,L7,A4-704-e & Bedroom
A4,L7,A4-704-f & Master Bedroom
A4,L7,A4-704-f1 & W.I.C.
A4,L7,A4-705-a & Entrance
A4,L7,A4-705-c & Living Room
A4,L7,A4-705-e & Bedroom
A4,L7,A4-606-l & Staircase
A4,L7,A4-606-n & Family Room
A4,L7,A4-606-o & Master Bedroom
A4,L7,A4-606-o2 & W.I.C.
A4,L7,A4-606-p & Bedroom 2
A4,L7,A4-606-p1 & W.I.C.
A4,L7,A4-606-s & Bedroom 3
A4,L7,A4-606-s1 & W.I.C.
A1,L8,A1-8C03 & HK Janitor Room
A1,L8,A1-8E01 & ELV-Closet
A1,L8,A1-8E02 & Sub Telephone Room
A1,L8,A1-8E03 & Sub-Electrical Room
A1,L8,A1-8STR01 & Stair
A1,L8,A1-8STR01-a & Staircase landing
A1,L8,A1-8STR02 & Stair
A1,L8,A1-8STR02-a & Staircase landing
A1,L8,A1-801-a & Entrance
A1,L8,A1-801-e1 & W.I.C.
A1,L8,A1-802-a & Entrance
A1,L8,A1-802-f1 & W.I.C.
A1,L8,A1-802-k & Maid Room
A1,L8,A1-803-a & Entrance
A1,L8,A1-803-g1 & W.I.C.
A1,L8,A1-803-h & Maid Room
A1,L8,A1-804-a & Entrance
A1,L8,A1-804-e1 & W.I.C.
A1,L8,A1-805-a & Entrance
A2,L8,A2-8C03 & HK Janitor Room
A2,L8,A2-8E01 & ELV-Closet
A2,L8,A2-8E02 & Sub Telephone Room
A2,L8,A2-8E03 & Sub-Electrical Room
A2,L8,A2-8STR01 & Stair
A2,L8,A2-8STR01-a & Staircase landing
A2,L8,A2-8STR02 & Stair
A2,L8,A2-8STR02-a & Staircase landing
A2,L8,A2-801-a & Entrance
A2,L8,A2-802-a & Entrance
A2,L8,A2-803-a & Entrance
A2,L8,A2-803-f1 & W.I.C.
A2,L8,A2-804-a & Entrance
A2,L8,A2-804-f1 & W.I.C.
A2,L8,A2-805-a & Entrance
A2,L8,A2-805-g1 & W.I.C.
A2,L8,A2-805-i & Maid Room
A2,L8,A2-806-a & Entrance
A3,L8,A3-8C03 & HK Janitor Room
A3,L8,A3-8E01 & ELV-Closet
A3,L8,A3-8E02 & Sub Telephone Room
A3,L8,A3-8E03 & Sub-Electrical Room
A3,L8,A3-8STR01 & Stair
A3,L8,A3-8STR01-a & Staircase landing
A3,L8,A3-8STR02 & Stair
A3,L8,A3-8STR02-a & Staircase landing
A3,L8,A3-801-a & Entrance
A3,L8,A3-802-a & Entrance
A3,L8,A3-803-a & Entrance
A3,L8,A3-803-f1 & W.I.C.
A3,L8,A3-804-a & Entrance
A3,L8,A3-804-c1 & W.I.C.
A3,L8,A3-804-f1 & W.I.C.
A3,L8,A3-804-g & Maid Room
A3,L8,A3-805-a & Entrance
A3,L8,A3-805-g1 & W.I.C.
A3,L8,A3-805-i & Maid Room
A3,L8,A3-806-a & Entrance
A3,L8,A3-806-e1 & W.I.C.
A3,L8,A3-807-a & Entrance
A4,L8,A4-8C03 & HK Janitor Room
A4,L8,A4-8E01 & ELV-Closet
A4,L8,A4-8E02 & Sub Telephone Room
A4,L8,A4-8E03 & Sub-Electrical Room
A4,L8,A4-8STR02 & Stair
A4,L8,A4-8STR02-a & Staircase landing
A4,L8,A4-8STR03 & Stair
A4,L8,A4-8STR03-a & Staircase landing
A4,L8,A4-801-a & Entrance
A4,L8,A4-801-e1 & W.I.C.
A4,L8,A4-802-a & Entrance
A4,L8,A4-802-f1 & W.I.C.
A4,L8,A4-802-g & Corridor
A4,L8,A4-803-a & Entrance
A4,L8,A4-803-f1 & W.I.C.
A4,L8,A4-804-a & Entrance
A1,L9,A1-9C02 & Hall
A1,L9,A1-9C03 & HK Janitor Room
A1,L9,A1-9C04 & Hall
A1,L9,A1-9E01 & ELV-Closet
A1,L9,A1-9E02 & Sub Telephone Room
A1,L9,A1-9E03 & Sub-Electrical Room
A1,L9,A1-9STR01 & Stair
A1,L9,A1-9STR01-a & Staircase landing
A1,L9,A1-9STR02 & Stair
A1,L9,A1-9STR02-a & Staircase landing
A1,L9,A1-901-a & Entrance
A1,L9,A1-901-b & Hall
A1,L9,A1-901-e & Master Bedroom
A1,L9,A1-901-e1 & W.I.C.
A1,L9,A1-901-f & Bedroom
A1,L9,A1-901-i & Living Room
A1,L9,A1-902-a & Entrance
A1,L9,A1-902-d & Hall
A1,L9,A1-902-e & Bedroom 2
A1,L9,A1-902-f & Master Bedroom
A1,L9,A1-902-f1 & W.I.C.
A1,L9,A1-902-i & Living Room
A1,L9,A1-902-j & Bedroom 1
A1,L9,A1-902-k & Maid Room
A1,L9,A1-903-a & Entrance
A1,L9,A1-903-c & Living Room
A1,L9,A1-903-e & Bedroom 1
A1,L9,A1-903-f & Bedroom 2
A1,L9,A1-903-g & Master Bedroom
A1,L9,A1-903-g1 & W.I.C.
A1,L9,A1-903-h & Maid Room
A1,L9,A1-903-i & Hall
A1,L9,A1-904-a & Entrance
A1,L9,A1-904-c & Living Room
A1,L9,A1-904-d & Bedroom
A2,L9,A2-9C02 & Hall
A2,L9,A2-9C03 & HK Janitor Room
A2,L9,A2-9C04 & Hall
A2,L9,A2-9E01 & ELV-Closet
A2,L9,A2-9E02 & Sub Telephone Room
A2,L9,A2-9E03 & Sub-Electrical Room
A2,L9,A2-9STR01 & Stair
A2,L9,A2-9STR01-a & Staircase landing
A2,L9,A2-9STR02 & Stair
A2,L9,A2-9STR02-a & Staircase landing
A2,L9,A2-901-a & Entrance
A2,L9,A2-901-f & Living Room
A2,L9,A2-901-g & Bedroom
A2,L9,A2-902-a & Entrance
A2,L9,A2-902-c & Living Room
A2,L9,A2-902-e & Bedroom 1
A2,L9,A2-902-f & Bedroom 2
A2,L9,A2-902-g & Master Bedroom
A2,L9,A2-902-g1 & W.I.C.
A2,L9,A2-902-h & Hall
A2,L9,A2-902-i & Maid Room
A2,L9,A2-902-i1 & Maid Bathroom
A2,L9,A2-903-a & Entrance
A2,L9,A2-903-c & Living Room
A2,L9,A2-903-e & Bedroom 1
A2,L9,A2-903-f & Bedroom 2
A2,L9,A2-903-g & Master Bedroom
A2,L9,A2-903-g1 & W.I.C.
A2,L9,A2-903-h & Hall
A2,L9,A2-903-i & Maid Room
A2,L9,A2-904-a & Entrance
A2,L9,A2-904-d & Living Room
A2,L9,A2-904-e & Bedroom
A3,L9,A3-9C03 & HK Janitor Room
A3,L9,A3-9E01 & ELV-Closet
A3,L9,A3-9E02 & Sub Telephone Room
A3,L9,A3-9E03 & Sub-Electrical Room
A3,L9,A3-9STR01 & Stair
A3,L9,A3-9STR01-a & Staircase landing
A3,L9,A3-9STR02 & Stair
A3,L9,A3-9STR02-a & Staircase landing
A3,L9,A3-901-a & Entrance
A3,L9,A3-901-d & Bedroom
A3,L9,A3-901-f & Living Room
A3,L9,A3-902-a & Entrance
A3,L9,A3-902-d & Bedroom
A3,L9,A3-902-f & Living Room
A3,L9,A3-903-a & Entrance
A3,L9,A3-903-c & Living Room
A3,L9,A3-903-e & Bedroom
A3,L9,A3-903-f & Master Bedroom
A3,L9,A3-903-f1 & W.I.C.
A3,L9,A3-903-g & Hall
A3,L9,A3-904-a & Entrance
A3,L9,A3-904-c & Bedroom 1
A3,L9,A3-904-c1 & W.I.C.
A3,L9,A3-904-e & Living Room
A3,L9,A3-904-f & Master Bedroom
A3,L9,A3-904-f1 & W.I.C.
A3,L9,A3-904-g & Maid Room
A3,L9,A3-904-h & Hall 2
A3,L9,A3-904-k & Hall 1
A3,L9,A3-905-a & Entrance
A3,L9,A3-905-c & Living Room
A3,L9,A3-905-e & Bedroom 1
A3,L9,A3-905-f & Bedroom 2
A3,L9,A3-905-g & Master Bedroom
A3,L9,A3-905-g1 & W.I.C.
A3,L9,A3-905-h & Hall
A3,L9,A3-905-i & Maid Room
A3,L9,A3-906-a & Entrance
A3,L9,A3-906-d & Hall
A3,L9,A3-906-e & Master Bedroom
A3,L9,A3-906-e1 & W.I.C.
A3,L9,A3-906-f & Bedroom
A3,L9,A3-906-h & Living Room
A3,L9,A3-907-a & Entrance
A3,L9,A3-907-c & Living Room
A3,L9,A3-907-e & Bedroom
A4,L9,A4-9C01 & Corridor
A4,L9,A4-9C02 & Hall
A4,L9,A4-9C03 & Stair Hall
A4,L9,A4-9E01 & ELV-Closet
A4,L9,A4-9E02 & Sub Telephone Room
A4,L9,A4-9E03 & Sub-Electrical Room
A4,L9,A4-9M02 & MCC Room
A4,L9,A4-9M03 & Roof Telecom Room
A4,L9,A4-9STR02 & Stair
A4,L9,A4-9STR02-a & Staircase landing
A1,L10,A1-10C01 & Corridor
A1,L10,A1-10C02 & Stair Hall
A1,L10,A1-10E01 & ELV-Closet
A1,L10,A1-10E02 & Sub Telephone Room
A1,L10,A1-10E03 & Sub-Electrical Room
A1,L10,A1-10M02 & MCC Room
A1,L10,A1-10M03 & Roof Telecom Room
A1,L10,A1-10STR01 & Stair
A1,L10,A1-10STR01-a & Staircase landing
A2,L10,A2-10C03 & HK Janitor Room
A2,L10,A2-10E01 & ELV-Closet
A2,L10,A2-10E02 & Sub Telephone Room
A2,L10,A2-10E03 & Sub-Electrical Room
A2,L10,A2-10STR01 & Stair
A2,L10,A2-10STR01-a & Staircase landing
A2,L10,A2-10STR02 & Stair
A2,L10,A2-10STR02-a & Staircase landing
A2,L10,A2-1001-a & Entrance
A2,L10,A2-1002-a & Entrance
A2,L10,A2-1002-g1 & W.I.C.
A2,L10,A2-1002-i & Maid Room
A2,L10,A2-1003-a & Entrance
A2,L10,A2-1003-g1 & W.I.C.
A2,L10,A2-1003-i & Maid Room
A2,L10,A2-1004-a & Entrance
A3,L10,A3-10C02 & Corridor
A3,L10,A3-10C03 & HK Janitor Room
A3,L10,A3-10E01 & ELV-Closet
A3,L10,A3-10E02 & Sub Telephone Room
A3,L10,A3-10E03 & Sub-Electrical Room
A3,L10,A3-10STR01 & Stair
A3,L10,A3-10STR01-a & Staircase landing
A3,L10,A3-10STR02 & Stair
A3,L10,A3-10STR02-a & Staircase landing
A3,L10,A3-1001-a & Entrance
A3,L10,A3-1002-a & Entrance
A3,L10,A3-1003-a & Entrance
A3,L10,A3-1003-f1 & W.I.C.
A3,L10,A3-1004-a & Entrance
A3,L10,A3-1004-c1 & W.I.C.
A3,L10,A3-1004-f1 & W.I.C.
A3,L10,A3-1004-g & Maid Room
A3,L10,A3-1005-a & Entrance
A3,L10,A3-1005-g1 & W.I.C.
A3,L10,A3-1005-i & Maid Room
A3,L10,A3-1006-a & Entrance
A3,L10,A3-1006-e1 & W.I.C.
A3,L10,A3-1007-a & Entrance
A2,Roof,A2-11C01 & Corridor
A2,Roof,A2-11C02 & Stair Hall
A2,Roof,A2-11E01 & ELV-Closet
A2,Roof,A2-11E02 & Sub Telephone Room
A2,Roof,A2-11E03 & Sub-Electrical Room
A2,Roof,A2-11M02 & MCC Room
A2,Roof,A2-11M03 & Roof Telecom Room
A2,Roof,A2-11STR02 & Stair
A2,Roof,A2-11STR02-a & Staircase landing
A3,Roof,A3-11C01 & Elevator Hall
A3,Roof,A3-11C02 & Corridor
A3,Roof,A3-11E01 & ELV-Closet
A3,Roof,A3-11E02 & Sub Telephone Room
A3,Roof,A3-11E03 & Sub-Electrical Room
A3,Roof,A3-11M02 & MCC Room
A3,Roof,A3-11M03 & Roof Telecom Room
A3,Roof,A3-11STR02 & Stair
A3,Roof,A3-11STR02-a & Staircase landing
